deck_id,deck_name,archetype,validation_status,source_kind,source_confidence,tempo,prize_profile,setup_complexity,pilot_complexity,pokemon_count,trainer_count,energy_count,unique_card_count,damage_engine,resource_engine,primary_win_condition,key_decisions,suggested_training_role,strengths,risks
EX_01,Mega Kangaskhan / Lillie's Clefairy,Mega Kangaskhan Clefairy midrange,validated,canonical_csv,high,midrange,mixed,medium,medium,22,28,10,24,Mega Kangaskhan pressure backed by Clefairy scaling,draw-and-search core with flexible attackers,trade efficiently while scaling the correct attacker for the board,opening attacker; when to expose a multi-Prize Pokemon; energy allocation,balanced baseline for prize-trade and attacker-selection policies,flexible attack lines; mixed prize map; stable midgame,awkward openings; premature multi-Prize commitment; energy spread
EX_02,Dragapult ex / Dusknoir,Dragapult Dusknoir damage spread,validated,canonical_csv,high,control,mixed,high,high,19,32,9,26,Dragapult spread plus Dusknoir damage-counter bursts,evolution chain with targeted search and draw,engineer multi-KO turns by placing damage before taking prizes,damage-counter placement; Dusknoir timing; evolution sequencing,look-ahead benchmark for spread damage and prize mapping,multi-target pressure; strong comeback geometry; punishes crowded benches,complex sequencing; fragile setup pieces; self-KO prize timing
EX_03,Team Rocket's Mewtwo ex / Mimikyu,Team Rocket Mewtwo control,validated,canonical_csv,high,control,mixed,medium,high,15,32,13,22,Mewtwo ex as the main closer with Mimikyu tempo denial,Team Rocket synergy and disruption package,slow the opponent's prize pace and convert the resource lead,wall versus attack; disruption timing; when Mewtwo becomes safe,defensive switching and delayed-commitment benchmark,tempo denial; flexible prize plan; strong into narrow attack plans,passive turns; wall bypass; mistimed main-attacker exposure
EX_04,Slowking / Topdeck Toolbox,Slowking topdeck toolbox,validated,canonical_csv,high,toolbox,mostly_single,high,high,20,29,11,24,Slowking converts controlled topdecks into situational attacks,topdeck manipulation and a diverse attack toolbox,select the highest-value copied attack for each board state,topdeck construction; copied-attack choice; information preservation,"large action-space test for search, planning, and attack selection",broad answers; single-Prize trading; high tactical ceiling,ordering mistakes; setup dependence; poor default lines under uncertainty
EX_05,Grass Box / Ogerpon / Hydrapple,Grass energy toolbox,validated,canonical_csv,high,combo,mostly_multi,high,high,22,23,15,27,Hydrapple scaling from a wide Grass Energy board,Ogerpon energy acceleration and Meganium evolution support,build a distributed energy board and convert it into scalable KOs,bench expansion; energy placement; attacker and evolution choice,resource-allocation and bench-management benchmark,high scaling damage; multiple attackers; strong resource velocity,bench liability; setup density; energy stranded on the wrong target
EX_06,Mega Kangaskhan / Crustle / Petrel,Mega Kangaskhan disruption,validated,canonical_csv,high,control,mixed,medium,high,12,34,14,24,Mega Kangaskhan pressure with Crustle alternative lines,Petrel disruption layered over a compact Pokemon core,"reduce the opponent's options, then win a favorable prize trade",disruption window; wall selection; transition to damage,hand-disruption timing and role-transition benchmark,compact engine; disruptive turns; flexible prize pacing,low pressure when disruption misses; matchup-dependent walls; sequencing
EX_07,Alakazam / Dudunsparce / Nighttime Mine,Alakazam Nighttime Mine control,validated,canonical_csv,high,control,mostly_single,high,high,22,32,6,26,Alakazam attacks supported by Nighttime Mine board control,Dudunsparce cycling and repeatable single-Prize setup,deny clean targets while accumulating efficient attacks,bench compression; draw-cycle timing; stadium and target control,long-horizon single-Prize control and loop management,resilient prize map; repeatable draw; board-control options,low immediate damage; bench congestion; vulnerable setup turns
EX_08,Hop's Trevenant / Postwick,Hop Trevenant tempo,validated,canonical_csv,high,aggressive,mostly_single,low,medium,14,38,8,25,Hop's Trevenant applies efficient early single-Prize pressure,dense Trainer engine with Postwick support,attack continuously and force the opponent off curve,first attacker; supporter timing; maintaining the attack chain,"fast baseline for tempo, consistency, and low-branching play",early pressure; favorable prize map; Trainer consistency,limited ceiling; recovery after a missed attack; evolution interruption
EX_09,Mega Lopunny / Dudunsparce / Battle Cage,Mega Lopunny Battle Cage tempo,validated,canonical_csv,high,aggressive,mixed,medium,medium,16,36,8,22,Mega Lopunny pressure amplified by Battle Cage,Dudunsparce draw cycling and a dense Trainer shell,reach KO thresholds quickly while preserving draw continuity,stadium timing; draw-cycle management; two-Prize commitment,stadium-aware damage-threshold and tempo benchmark,fast pressure; reliable cycling; clear damage breakpoints,stadium replacement; bench targeting; overextension
EX_10,Mega Lucario / Fighting Box,Mega Lucario Fighting toolbox,validated,named_list_transcription,medium,midrange,mostly_multi,medium,medium,17,31,12,21,Mega Lucario ex backed by Fighting-type damage modifiers,Solrock and Lunatone support with Fighting Gong acceleration,assemble a powered Mega Lucario and preserve follow-up attackers,acceleration target; modifier timing; backup attacker selection,energy-acceleration and damage-modifier benchmark,direct pressure; scalable Fighting package; strong KO conversion,main-attacker concentration; modifier dependence; transcription confidence
EX_11,Team Rocket's Honchkrow / Porygon,Team Rocket Honchkrow control,validated,canonical_csv,high,control,mostly_single,medium,high,12,40,8,19,Honchkrow converts Team Rocket board state into pressure,Porygon support inside a Trainer-heavy disruption shell,constrain resources and win through repeated single-Prize attacks,disruption sequencing; target denial; preserving the Porygon engine,resource-denial and low-damage tactical benchmark,deep Trainer access; favorable prize map; disruption density,slow clock; engine-piece targeting; weak recovery from tempo loss
EX_12,Festival Lead / Dipplin / Thwackey,Festival Lead single-Prize swarm,validated,canonical_csv,high,aggressive,mostly_single,medium,medium,21,34,5,26,Dipplin attacks repeatedly under Festival Lead,Thwackey searches pieces while the stadium enables the engine,chain efficient attacks and make the opponent take six KOs,stadium protection; attacker chain; Thwackey search target,single-Prize swarm and engine-continuity benchmark,efficient prize trade; repeat attacks; deterministic search,stadium dependence; bench pressure; fragile evolution chain
EX_13,Raging Bolt / Ogerpon / Area Zero,Raging Bolt Ogerpon turbo,validated,canonical_csv,high,aggressive,mostly_multi,medium,medium,19,26,15,27,Raging Bolt converts stocked Energy into large one-hit KOs,Ogerpon acceleration with Area Zero bench expansion,take fast two-Prize KOs before the expanded board is punished,bench size; energy discard count; target and gust sequencing,turbo baseline for lethal calculation and bench-risk control,high damage ceiling; explosive starts; flexible KO math,two-Prize race; bench liability; resource exhaustion
EX_14,Cynthia's Garchomp / Roserade,Cynthia Garchomp midrange,validated,canonical_csv,high,midrange,mixed,high,medium,19,32,9,20,Cynthia's Garchomp attacks through a staged evolution board,Roserade support and Cynthia-tagged card synergy,establish two attacking lines and sustain efficient midgame KOs,which line to evolve; support versus attacker benching; recovery order,evolution-planning and redundancy benchmark,durable midgame; multiple roles; balanced prize plan,setup bottlenecks; evolution targeting; tempo loss before stabilization
EX_15,Okidogi / Barbaracle / Battle Cage,Okidogi Battle Cage bruiser,validated,canonical_csv,high,midrange,mostly_single,medium,medium,16,30,14,24,Okidogi damage thresholds supported by Battle Cage,Barbaracle utility with a substantial Energy count,force efficient single-Prize exchanges at favorable thresholds,stadium timing; damage modifier use; energy attachment route,single-Prize damage-threshold and stadium benchmark,favorable prize map; sturdy attackers; straightforward pressure,stadium dependence; energy-heavy draws; limited comeback burst
EX_16,Mega Starmie / Mega Froslass / Munkidori,Mega Starmie Froslass damage-counter combo,validated,canonical_csv,high,combo,mostly_multi,high,high,21,29,10,28,Froslass places damage and Munkidori moves it for Mega Starmie KOs,multi-piece evolution engine with counter relocation,"shape damage across the board, then convert it into precise KOs",counter placement and movement; bench composition; KO sequencing,state-tracking and multi-step damage-counter benchmark,precise KO setup; distributed pressure; high tactical ceiling,many dependencies; sequencing errors; bench-space competition
EX_17,Marnie's Grimmsnarl / Froslass,Marnie Grimmsnarl damage spread,validated,canonical_csv,high,control,mixed,high,high,21,30,9,20,Froslass passive counters create Grimmsnarl KO thresholds,Marnie synergy and staged evolution support,accumulate passive damage and choose the best conversion turn,bench targets; passive-damage clock; when to switch to direct KOs,delayed-reward and passive-damage planning benchmark,board-wide pressure; flexible KO order; matchup disruption,slow setup; own-board damage constraints; evolution fragility
EX_18,N's Zoroark / Darmanitan / Zekrom,N Zoroark attack toolbox,validated,canonical_csv,high,toolbox,mostly_single,high,high,21,31,8,27,N's Zoroark copies attacks from Darmanitan and Zekrom,discard-pile attack library with N-tagged support,load the right attacks and copy the best answer each turn,discard setup; copied-attack choice; energy and bench preparation,attack-library retrieval and contextual action selection,broad attack access; single-Prize trades; adaptable damage,discard-order mistakes; target-prone bench; high branching factor
EX_19,N's Zoroark / Reshiram / Tatsugiri,N Zoroark Reshiram toolbox,validated,canonical_csv,high,toolbox,mostly_single,high,high,18,33,9,25,N's Zoroark copies Reshiram attacks with Tatsugiri utility,discard-pile attack setup and compact draw support,select efficient copied attacks while maintaining a six-KO prize map,discard targets; copied attack; Tatsugiri timing and bench slot,toolbox variant for policy-generalization testing,flexible attacks; efficient prize trade; compact utility,setup precision; damage ceiling; bench and discard dependencies
EX_20,Ethan's Typhlosion / Drakloak,Ethan Typhlosion single-Prize tempo,validated,canonical_csv,high,aggressive,mostly_single,medium,medium,21,34,5,24,Ethan's Typhlosion sustains Fire pressure from a single-Prize shell,Drakloak draw plus Ethan-tagged search and recovery,keep attacking every turn while denying efficient prize targets,evolution split; attack-chain recovery; draw engine preservation,single-Prize consistency and recovery benchmark,steady attacks; favorable prize map; resilient draw engine,setup turn pressure; evolution targeting; modest burst damage
EX_21,Archaludon / Mega Mawile / Relicanth,Archaludon Mawile midrange,validated,canonical_csv,high,midrange,mixed,medium,high,14,35,11,24,Archaludon and Mega Mawile provide complementary attack profiles,Relicanth unlocks attack options across evolution lines,route into the attacker that best fits the opponent's board,attacker selection; Relicanth bench timing; prize-route commitment,multi-attacker routing and attack-access benchmark,complementary attackers; adaptable thresholds; durable midgame,bench targeting; complex attack availability; mixed energy demands
EX_22,Mega Diancie / Dusknoir / Lillie's Clefairy,Mega Diancie Dusknoir combo,validated,canonical_csv,high,combo,mixed,high,high,16,32,12,22,Mega Diancie pressure plus Dusknoir counter bursts and Clefairy scaling,multi-line Psychic evolution and search package,combine damage sources to create a decisive multi-prize turn,which attacker to build; Dusknoir timing; counter and prize mapping,multi-engine planning and tactical KO-conversion benchmark,multiple damage routes; high tactical ceiling; flexible prize plan,setup congestion; difficult sequencing; self-KO timing
